{
    "$schema": "https://schema.management.azure.com/schemas/2015-01-01/deploymentTemplate.json#",
    "contentVersion": "1.0.0.0",
    "parameters": {
        "appInsightsName": {
            "type": "string",
            "defaultValue": "appInsights"
        }
    },
    "variables": {
        "appInsightsApiVersion": "2015-05-01"
    },
    "resources": [
        {
            "name": "[parameters('appInsightsName')]",
            "type": "Microsoft.Insights/components",
            "kind": "web",
            "apiVersion": "[variables('appInsightsApiVersion')]",
            "location": "eastus",
            "tags": {
                "PanoramaManaged": "Yes"
            },
            "properties": {
                "Application_Type": "web"
            }
        }
    ],
    "outputs": {
        "instrumentationKey": {
            "value": "[reference(resourceId('Microsoft.Insights/components', parameters('appInsightsName')), variables('appInsightsApiVersion')).InstrumentationKey]",
            "type": "string"
        }
    }
}
