{
	"$schema": "https://schema.management.azure.com/schemas/2015-01-01/deploymentTemplate.json#",
	"contentVersion": "1.0.0.0",
	"parameters": {
		"location": {
			"type": "string"
		},
		"storageName": {
			"type": "string",
			"metadata": {
				"Description": "The name of the new storage account created to store the VMs disks"
			}
		},
		"storageType": {
			"type": "string",
			"allowedValues": [
				"Standard_LRS",
				"Standard_GRS",
				"Standard_RAGRS"
			],
			"metadata": {
				"Description": "The type of the Storage Account created"
			},
			"defaultValue": "Standard_LRS"
		}
	},
	"variables": {
		"stname": "[parameters('storageName')]"
	},
	"resources": [
		{
			"type": "Microsoft.Storage/storageAccounts",
			"name": "[variables('stname')]",
			"apiVersion": "2015-06-15",
			"location": "[parameters('location')]",
			"properties": {
				"accountType": "[parameters('storageType')]"
			}
		 }
	],
	"outputs": {
		"sid": {
			"value": "[variables('stname')]",
			"type": "string"
		}
	}
}
