<?xml version="1.0"?>
<config version="9.1.0" urldb="paloaltonetworks">
  <mgt-config>
    <users>
      <entry name="admin">
        <phash>*</phash>
        <permissions>
          <role-based>
            <superuser>yes</superuser>
          </role-based>
        </permissions>
      </entry>
      <entry name="bluechipadmin">
        <phash>$1$icfxllnb$0LrEbfPlNFeuAnKACJHQd.</phash>
        <permissions>
          <role-based>
            <superuser>yes</superuser>
          </role-based>
        </permissions>
      </entry>
    </users>
    <password-complexity>
      <enabled>yes</enabled>
      <minimum-length>8</minimum-length>
    </password-complexity>
  </mgt-config>
  <shared>
    <application/>
    <application-group/>
    <service/>
    <service-group/>
    <botnet>
      <configuration>
        <http>
          <dynamic-dns>
            <enabled>yes</enabled>
            <threshold>5</threshold>
          </dynamic-dns>
          <malware-sites>
            <enabled>yes</enabled>
            <threshold>5</threshold>
          </malware-sites>
          <recent-domains>
            <enabled>yes</enabled>
            <threshold>5</threshold>
          </recent-domains>
          <ip-domains>
            <enabled>yes</enabled>
            <threshold>10</threshold>
          </ip-domains>
          <executables-from-unknown-sites>
            <enabled>yes</enabled>
            <threshold>5</threshold>
          </executables-from-unknown-sites>
        </http>
        <other-applications>
          <irc>yes</irc>
        </other-applications>
        <unknown-applications>
          <unknown-tcp>
            <destinations-per-hour>10</destinations-per-hour>
            <sessions-per-hour>10</sessions-per-hour>
            <session-length>
              <maximum-bytes>100</maximum-bytes>
              <minimum-bytes>50</minimum-bytes>
            </session-length>
          </unknown-tcp>
          <unknown-udp>
            <destinations-per-hour>10</destinations-per-hour>
            <sessions-per-hour>10</sessions-per-hour>
            <session-length>
              <maximum-bytes>100</maximum-bytes>
              <minimum-bytes>50</minimum-bytes>
            </session-length>
          </unknown-udp>
        </unknown-applications>
      </configuration>
      <report>
        <topn>100</topn>
        <scheduled>yes</scheduled>
      </report>
    </botnet>
  </shared>
  <devices>
    <entry name="localhost.localdomain">
      <network>
        <interface>
          <ethernet>
            <entry name="ethernet1/1">
              <layer3>
                <ndp-proxy>
                  <enabled>no</enabled>
                </ndp-proxy>
                <dhcp-client>
                  <send-hostname>
                    <enable>yes</enable>
                  </send-hostname>
                  <create-default-route>no</create-default-route>
                </dhcp-client>
                <lldp>
                  <enable>no</enable>
                </lldp>
              </layer3>
              <comment>Untrust</comment>
            </entry>
            <entry name="ethernet1/2">
              <layer3>
                <ndp-proxy>
                  <enabled>no</enabled>
                </ndp-proxy>
                <dhcp-client>
                  <send-hostname>
                    <enable>yes</enable>
                  </send-hostname>
                  <create-default-route>no</create-default-route>
                </dhcp-client>
                <lldp>
                  <enable>no</enable>
                </lldp>
              </layer3>
              <comment>Trust</comment>
            </entry>
          </ethernet>
        </interface>
        <profiles>
          <monitor-profile>
            <entry name="default">
              <interval>3</interval>
              <threshold>5</threshold>
              <action>wait-recover</action>
            </entry>
          </monitor-profile>
        </profiles>
        <ike>
          <crypto-profiles>
            <ike-crypto-profiles>
              <entry name="default">
                <encryption>
                  <member>aes-128-cbc</member>
                  <member>3des</member>
                </encryption>
                <hash>
                  <member>sha1</member>
                </hash>
                <dh-group>
                  <member>group2</member>
                </dh-group>
                <lifetime>
                  <hours>8</hours>
                </lifetime>
              </entry>
              <entry name="Suite-B-GCM-128">
                <encryption>
                  <member>aes-128-cbc</member>
                </encryption>
                <hash>
                  <member>sha256</member>
                </hash>
                <dh-group>
                  <member>group19</member>
                </dh-group>
                <lifetime>
                  <hours>8</hours>
                </lifetime>
              </entry>
              <entry name="Suite-B-GCM-256">
                <encryption>
                  <member>aes-256-cbc</member>
                </encryption>
                <hash>
                  <member>sha384</member>
                </hash>
                <dh-group>
                  <member>group20</member>
                </dh-group>
                <lifetime>
                  <hours>8</hours>
                </lifetime>
              </entry>
            </ike-crypto-profiles>
            <ipsec-crypto-profiles>
              <entry name="default">
                <esp>
                  <encryption>
                    <member>aes-128-cbc</member>
                    <member>3des</member>
                  </encryption>
                  <authentication>
                    <member>sha1</member>
                  </authentication>
                </esp>
                <dh-group>group2</dh-group>
                <lifetime>
                  <hours>1</hours>
                </lifetime>
              </entry>
              <entry name="Suite-B-GCM-128">
                <esp>
                  <encryption>
                    <member>aes-128-gcm</member>
                  </encryption>
                  <authentication>
                    <member>none</member>
                  </authentication>
                </esp>
                <dh-group>group19</dh-group>
                <lifetime>
                  <hours>1</hours>
                </lifetime>
              </entry>
              <entry name="Suite-B-GCM-256">
                <esp>
                  <encryption>
                    <member>aes-256-gcm</member>
                  </encryption>
                  <authentication>
                    <member>none</member>
                  </authentication>
                </esp>
                <dh-group>group20</dh-group>
                <lifetime>
                  <hours>1</hours>
                </lifetime>
              </entry>
            </ipsec-crypto-profiles>
            <global-protect-app-crypto-profiles>
              <entry name="default">
                <encryption>
                  <member>aes-128-cbc</member>
                </encryption>
                <authentication>
                  <member>sha1</member>
                </authentication>
              </entry>
            </global-protect-app-crypto-profiles>
          </crypto-profiles>
        </ike>
        <qos>
          <profile>
            <entry name="default">
              <class-bandwidth-type>
                <mbps>
                  <class>
                    <entry name="class1">
                      <priority>real-time</priority>
                    </entry>
                    <entry name="class2">
                      <priority>high</priority>
                    </entry>
                    <entry name="class3">
                      <priority>high</priority>
                    </entry>
                    <entry name="class4">
                      <priority>medium</priority>
                    </entry>
                    <entry name="class5">
                      <priority>medium</priority>
                    </entry>
                    <entry name="class6">
                      <priority>low</priority>
                    </entry>
                    <entry name="class7">
                      <priority>low</priority>
                    </entry>
                    <entry name="class8">
                      <priority>low</priority>
                    </entry>
                  </class>
                </mbps>
              </class-bandwidth-type>
            </entry>
          </profile>
        </qos>
        <virtual-router>
          <entry name="VirtualRouter">
            <ecmp>
              <algorithm>
                <ip-modulo/>
              </algorithm>
            </ecmp>
            <protocol>
              <bgp>
                <routing-options>
                  <graceful-restart>
                    <enable>yes</enable>
                  </graceful-restart>
                </routing-options>
                <enable>no</enable>
              </bgp>
              <rip>
                <enable>no</enable>
              </rip>
              <ospf>
                <enable>no</enable>
              </ospf>
              <ospfv3>
                <enable>no</enable>
              </ospfv3>
            </protocol>
            <interface>
              <member>ethernet1/1</member>
              <member>ethernet1/2</member>
            </interface>
          </entry>
        </virtual-router>
      </network>
      <deviceconfig>
        <system>
          <type>
            <dhcp-client>
              <send-hostname>yes</send-hostname>
              <send-client-id>yes</send-client-id>
              <accept-dhcp-hostname>yes</accept-dhcp-hostname>
              <accept-dhcp-domain>yes</accept-dhcp-domain>
            </dhcp-client>
          </type>
          <update-server>updates.paloaltonetworks.com</update-server>
          <update-schedule>
            <threats>
              <recurring>
                <weekly>
                  <day-of-week>wednesday</day-of-week>
                  <at>01:02</at>
                  <action>download-only</action>
                </weekly>
              </recurring>
            </threats>
          </update-schedule>
          <timezone>US/Pacific</timezone>
          <service>
            <disable-telnet>yes</disable-telnet>
            <disable-http>yes</disable-http>
          </service>
          <hostname>pavmq5wyk000000</hostname>
          <panorama>
            <local-panorama>
              <panorama-server>172.23.2.68</panorama-server>
            </local-panorama>
          </panorama>
          <dns-setting>
            <servers>
              <primary>8.8.8.8</primary>
              <secondary>8.8.4.4</secondary>
            </servers>
          </dns-setting>
        </system>
        <setting>
          <config>
            <rematch>yes</rematch>
          </config>
          <management>
            <hostname-type-in-syslog>FQDN</hostname-type-in-syslog>
            <initcfg>
              <hostname>pavmq5wyk000000</hostname>
              <username>bluechipadmin</username>
              <type>
                <dhcp-client>
                  <send-hostname>yes</send-hostname>
                  <send-client-id>yes</send-client-id>
                  <accept-dhcp-hostname>yes</accept-dhcp-hostname>
                  <accept-dhcp-domain>yes</accept-dhcp-domain>
                </dhcp-client>
              </type>
              <vm-auth-key>334235679242602</vm-auth-key>
              <panorama-server>172.23.2.68</panorama-server>
              <tplname>NonProd-Hub-Template-Stack</tplname>
              <dgname>NonProdHub</dgname>
              <dns-primary>8.8.8.8</dns-primary>
              <dns-secondary>8.8.4.4</dns-secondary>
            </initcfg>
          </management>
        </setting>
      </deviceconfig>
      <vsys>
        <entry name="vsys1">
          <application/>
          <application-group/>
          <zone>
            <entry name="Trust">
              <network>
                <layer3>
                  <member>ethernet1/2</member>
                </layer3>
              </network>
            </entry>
            <entry name="Untrust">
              <network>
                <layer3>
                  <member>ethernet1/1</member>
                </layer3>
              </network>
            </entry>
          </zone>
          <service/>
          <service-group/>
          <schedule/>
          <rulebase>
            <nat>
              <rules>
                <entry name="Untrust2Trust" uuid="32aa24d7-9cc3-4b0c-8514-dba78e678edc">
                  <source-translation>
                    <dynamic-ip-and-port>
                      <interface-address>
                        <interface>ethernet1/1</interface>
                      </interface-address>
                    </dynamic-ip-and-port>
                  </source-translation>
                  <to>
                    <member>Trust</member>
                  </to>
                  <from>
                    <member>Untrust</member>
                  </from>
                  <source>
                    <member>any</member>
                  </source>
                  <destination>
                    <member>any</member>
                  </destination>
                  <service>any</service>
                </entry>
                <entry name="Trust2Untrust" uuid="12f2930a-26d3-4b0b-9127-90bdd07b78de">
                  <source-translation>
                    <dynamic-ip-and-port>
                      <interface-address>
                        <interface>ethernet1/2</interface>
                      </interface-address>
                    </dynamic-ip-and-port>
                  </source-translation>
                  <to>
                    <member>Untrust</member>
                  </to>
                  <from>
                    <member>Trust</member>
                  </from>
                  <source>
                    <member>any</member>
                  </source>
                  <destination>
                    <member>any</member>
                  </destination>
                  <service>any</service>
                </entry>
              </rules>
            </nat>
          </rulebase>
          <import>
            <network>
              <interface>
                <member>ethernet1/1</member>
                <member>ethernet1/2</member>
              </interface>
            </network>
          </import>
        </entry>
      </vsys>
    </entry>
  </devices>
</config>
