{
  "$schema": "https://schema.management.azure.com/schemas/2015-01-01/deploymentTemplate.json#",
  "contentVersion": "1.0.0.0",
  "parameters": {
    "location": {
      "type": "string"
    },
    "MgmtPublicIPAddressName": {
      "type": "string"
    },
    "publicIPAddressType": {
      "type": "string"
    },
    "baseUrl": {
      "type": "string"
    }
  },
  "variables": {
    "mgmt": "[concat('mgmtIP-', parameters('MgmtPublicIPAddressName'))]"
  },
  "resources": [
    {
      "apiVersion": "2015-06-15",
      "type": "Microsoft.Network/publicIPAddresses",
      "name": "[variables('mgmt')]",
      "location": "[parameters('location')]",
      "properties": {
        "publicIPAllocationMethod": "[parameters('publicIPAddressType')]",
        "dnsSettings": {
          "domainNameLabel": "[parameters('MgmtPublicIPAddressName')]"
        }
      }
    }
  ],
  "outputs": {
    "publicIpId": {
      "value": "[resourceId(concat('Microsoft.Network','/','publicIPAddresses'),variables('mgmt'))]",
      "type": "string"
    },
    "fqdn": {
      "value": "[reference(resourceId('Microsoft.Network/publicIPAddresses',variables('mgmt')),providers('Microsoft.Network', 'publicIPAddresses').apiVersions[0]).dnsSettings.fqdn]",
      "type": "string"
    }
  }
}
