{
  "$schema": "http://schema.management.azure.com/schemas/2014-04-01-preview/deploymentTemplate.json#",
  "contentVersion": "1.0.0.0",
  "parameters": {
    "serviceBusNamespaceName": {
      "type": "string",
      "metadata": {
        "description": "Name of the Service Bus namespace"
      }
    },
    "serviceBusSku": {
      "type": "string",
      "allowedValues": [
        "Basic",
        "Standard",
        "Premium"
      ],
      "defaultValue": "Standard",
      "metadata": {
        "description": "The messaging tier for service Bus namespace"
      }
    },
    "location": {
      "type": "string",
      "defaultValue": "[resourceGroup().location]",
      "metadata": {
        "description": "Location for all resources."
      }
    },
    "apiVersion": {
      "type": "string",
      "defaultValue": "2018-09-01",
      "metadata": {
        "description": "API Version to create the SB name"
      }
    }
  },
  "variables": {
    "defaultSASKeyName": "RootManageSharedAccessKey",
    "defaultAuthRuleResourceId": "[resourceId('Microsoft.ServiceBus/namespaces/authorizationRules', parameters('serviceBusNamespaceName'), variables('defaultSASKeyName'))]",
    "sbVersion": "[parameters('apiVersion')]"
  },
  "resources": [
    {
      "apiVersion": "[variables('sbVersion')]", 
      "name": "[parameters('serviceBusNamespaceName')]",
      "type": "Microsoft.ServiceBus/namespaces",
      "location": "[parameters('location')]",
      "sku": {
        "name": "[parameters('serviceBusSku')]",
        "tier": "[parameters('serviceBusSku')]"
      },
      "scale": null
    }
  ],
  "outputs": {
    "NamespaceDefaultConnectionString": {
      "type": "string",
      "value": "[listkeys(variables('defaultAuthRuleResourceId'), variables('sbVersion')).primaryConnectionString]"
    },
    "DefaultSharedAccessPolicyPrimaryKey": {
      "type": "string",
      "value": "[listkeys(variables('defaultAuthRuleResourceId'), variables('sbVersion')).primaryKey]"
    }
  }
}
